Student_Id,Name,Age,Grade,Attendance
1,sonu,1.4700375030786712,-1.6254048293055454,0.8684743345509038
2,monu,0.07946148665290109,-0.16910576559482435,0.8100895053373978
3,panu,2.2204460492503136e-16,1.167824522401903,-1.7588429800568726
4,riya,1.1919222997935173,-1.1240559713067726,-0.4743767373597374
5,gayu,0.3575766899380551,0.14921096964249259,0.28462604241584244
6,aradhya,-1.867344936343177,1.6214258701150783,1.3939377974724592
7,aditi,-0.754884123202561,-0.16910576559482435,-1.1166098587083049
8,mayra,-0.476768919917407,0.14921096964249259,-0.007298103651688296
